{
  "providers": {
    "awscloudformation": {
      "AuthRoleName": "amplify-instamobile-dev-95318-authRole",
      "UnauthRoleArn": "arn:aws:iam::968994790845:role/amplify-instamobile-dev-95318-unauthRole",
      "AuthRoleArn": "arn:aws:iam::968994790845:role/amplify-instamobile-dev-95318-authRole",
      "Region": "us-east-1",
      "DeploymentBucketName": "amplify-instamobile-dev-95318-deployment",
      "UnauthRoleName": "amplify-instamobile-dev-95318-unauthRole",
      "StackName": "amplify-instamobile-dev-95318",
      "StackId": "arn:aws:cloudformation:us-east-1:968994790845:stack/amplify-instamobile-dev-95318/60fd4d90-9f86-11ec-b47f-0ace8056a7df",
      "AmplifyAppId": "d1ajp5g70uc0bw"
    }
  },
  "auth": {
    "instamobile0f4708fd": {
      "service": "Cognito",
      "providerPlugin": "awscloudformation",
      "dependsOn": [],
      "customAuth": false,
      "frontendAuthConfig": {
        "socialProviders": [],
        "usernameAttributes": [
          "EMAIL",
          "PHONE_NUMBER"
        ],
        "signupAttributes": [
          "EMAIL"
        ],
        "passwordProtectionSettings": {
          "passwordPolicyMinLength": 8,
          "passwordPolicyCharacters": []
        },
        "mfaConfiguration": "OFF",
        "mfaTypes": [
          "SMS"
        ],
        "verificationMechanisms": [
          "EMAIL"
        ]
      },
      "providerMetadata": {
        "s3TemplateURL": "https://s3.amazonaws.com/amplify-instamobile-dev-95318-deployment/amplify-cfn-templates/auth/instamobile0f4708fd-cloudformation-template.json",
        "logicalId": "authinstamobile0f4708fd"
      },
      "lastPushTimeStamp": "2022-07-10T19:50:11.913Z",
      "output": {
        "UserPoolId": "us-east-1_nyAQZtzcp",
        "AppClientIDWeb": "3n194k0qnj0nqscelhi7eq1aga",
        "AppClientID": "7dlph62rq2g85abna5coheobh5",
        "IdentityPoolId": "us-east-1:f17d3970-63d8-4e58-841c-93559785c665",
        "UserPoolArn": "arn:aws:cognito-idp:us-east-1:968994790845:userpool/us-east-1_nyAQZtzcp",
        "IdentityPoolName": "instamobile0f4708fd_identitypool_0f4708fd__dev",
        "UserPoolName": "instamobile0f4708fd_userpool_0f4708fd"
      },
      "lastPushDirHash": "EJ8KseDSZSwQFFFZZ8B4nvCPWu0="
    }
  },
  "api": {
    "instamobile": {
      "service": "AppSync",
      "providerPlugin": "awscloudformation",
      "output": {
        "authConfig": {
          "defaultAuthentication": {
            "authenticationType": "AMAZON_COGNITO_USER_POOLS",
            "userPoolConfig": {
              "userPoolId": "authinstamobile0f4708fd"
            }
          },
          "additionalAuthenticationProviders": []
        },
        "GraphQLAPIIdOutput": "o5ifhp3hxjel5fgq2e5oe357r4",
        "GraphQLAPIEndpointOutput": "https://57qbifrzozg27l7qlk5oo4auva.appsync-api.us-east-1.amazonaws.com/graphql"
      },
      "providerMetadata": {
        "s3TemplateURL": "https://s3.amazonaws.com/amplify-instamobile-dev-95318-deployment/amplify-cfn-templates/api/cloudformation-template.json",
        "logicalId": "apiinstamobile"
      },
      "lastPushTimeStamp": "2022-07-10T19:50:11.916Z",
      "lastPushDirHash": "IDluiGWjEz30y18zQgCQOyiMLfE="
    }
  },
  "storage": {
    "storage": {
      "service": "S3",
      "providerPlugin": "awscloudformation",
      "dependsOn": [],
      "lastPushTimeStamp": "2022-07-10T19:50:11.917Z",
      "providerMetadata": {
        "s3TemplateURL": "https://s3.amazonaws.com/amplify-instamobile-dev-95318-deployment/amplify-cfn-templates/storage/cloudformation-template.json",
        "logicalId": "storagestorage"
      },
      "output": {
        "BucketName": "instamobile086a5efce13c48019c26e74a83d64cb395318-dev",
        "Region": "us-east-1"
      },
      "lastPushDirHash": "ghvvWQHwYnNqOIjIIoXdIMfeL90="
    }
  },
  "function": {
    "instamobileFunction": {
      "build": true,
      "providerPlugin": "awscloudformation",
      "service": "Lambda",
      "lastBuildTimeStamp": "2022-07-10T19:46:30.242Z",
      "lastBuildType": "PROD",
      "lastPackageTimeStamp": "2022-07-10T19:46:43.870Z",
      "distZipFilename": "instamobileFunction-322f5362304468585751-build.zip",
      "s3Bucket": {
        "deploymentBucketName": "amplify-instamobile-dev-95318-deployment",
        "s3Key": "amplify-builds/instamobileFunction-322f5362304468585751-build.zip"
      },
      "providerMetadata": {
        "s3TemplateURL": "https://s3.amazonaws.com/amplify-instamobile-dev-95318-deployment/amplify-cfn-templates/function/instamobileFunction-cloudformation-template.json",
        "logicalId": "functioninstamobileFunction"
      },
      "lastPushTimeStamp": "2022-07-10T19:50:11.965Z",
      "output": {
        "Region": "us-east-1",
        "Arn": "arn:aws:lambda:us-east-1:968994790845:function:instamobileFunction-dev",
        "Name": "instamobileFunction-dev",
        "LambdaExecutionRole": "instamobileLambdaRole11223bc9-dev"
      },
      "lastPushDirHash": "GaCi7ewUc2sc5Fgt0FsU4ZxIiwQ=",
      "dependsOn": [
        {
          "category": "api",
          "resourceName": "instamobile",
          "attributes": [
            "GraphQLAPIIdOutput",
            "GraphQLAPIEndpointOutput"
          ]
        }
      ]
    },
    "instamobileTrigger": {
      "build": true,
      "providerPlugin": "awscloudformation",
      "service": "Lambda",
      "dependsOn": [
        {
          "category": "api",
          "resourceName": "instamobile",
          "attributes": [
            "GraphQLAPIIdOutput",
            "GraphQLAPIEndpointOutput"
          ]
        }
      ],
      "lastBuildTimeStamp": "2022-07-10T19:03:29.788Z",
      "lastBuildType": "PROD",
      "lastPackageTimeStamp": "2022-07-10T19:03:51.925Z",
      "distZipFilename": "instamobileTrigger-7955436a4c794f37466c-build.zip",
      "s3Bucket": {
        "deploymentBucketName": "amplify-instamobile-dev-95318-deployment",
        "s3Key": "amplify-builds/instamobileTrigger-7955436a4c794f37466c-build.zip"
      },
      "providerMetadata": {
        "s3TemplateURL": "https://s3.amazonaws.com/amplify-instamobile-dev-95318-deployment/amplify-cfn-templates/function/instamobileTrigger-cloudformation-template.json",
        "logicalId": "functioninstamobileTrigger"
      },
      "lastPushTimeStamp": "2022-07-10T19:50:11.921Z",
      "output": {
        "Region": "us-east-1",
        "Arn": "arn:aws:lambda:us-east-1:968994790845:function:instamobileTrigger-dev",
        "Name": "instamobileTrigger-dev",
        "LambdaExecutionRole": "instamobileLambdaRole93ae2892-dev"
      },
      "lastPushDirHash": "ifk10VbcJNjL7QIBZOXR6/GTmtQ="
    }
  }
}